IP_Source,Nombre_Tentatives,anomalie,anomalie_score
192.168.56.103,27856,-1,-0.5616049908282811
192.168.56.1,19,1,-0.31721604162071526
192.168.56.101,5,1,-0.318127896317583
